Country Name,Country Code,Indicator Name,Indicator Code,1960,1961,1962,1963,1964,1965,1966,1967,1968,1969,1970,1971,1972,1973,1974,1975,1976,1977,1978,1979,1980,1981,1982,1983,1984,1985,1986,1987,1988,1989,1990,1991,1992,1993,1994,1995,1996,1997,1998,1999,2000,2001,2002,2003,2004,2005,2006,2007,2008,2009,2010,2011,2012,2013,2014,2015,2016,2017,2018,2019
Aruba,ABW,Secure Internet servers (per 1 million people),IT.NET.SECR.P6,,,,,,,,,,,,,,,,,,,,,,,,,,,,,,,,,,,,,,,,,,,,,,,,,,,88.5225585,127.3935284,253.5101404,426.5260423,568.5431804,757.1328624,1172.858342,977.5449386,1152.628844,
Afghanistan,AFG,Secure Internet servers (per 1 million people),IT.NET.SECR.P6,,,,,,,,,,,,,,,,,,,,,,,,,,,,,,,,,,,,,,,,,,,,,,,,,,,0.479690142,0.531254129,1.219458345,1.425490731,1.708080425,2.15031248,12.03963652,43.44783505,52.8618206,
Angola,AGO,Secure Internet servers (per 1 million people),IT.NET.SECR.P6,,,,,,,,,,,,,,,,,,,,,,,,,,,,,,,,,,,,,,,,,,,,,,,,,,,1.28445299,1.857917916,3.186244219,4.574146922,5.938731811,8.140758082,8.321058616,10.79929978,11.1977496,
Albania,ALB,Secure Internet servers (per 1 million people),IT.NET.SECR.P6,,,,,,,,,,,,,,,,,,,,,,,,,,,,,,,,,,,,,,,,,,,,,,,,,,,4.119434772,8.261063371,25.51371345,35.57745315,52.26533901,68.38608492,144.6402612,443.0203758,526.0998557,
Andorra,AND,Secure Internet servers (per 1 million people),IT.NET.SECR.P6,,,,,,,,,,,,,,,,,,,,,,,,,,,,,,,,,,,,,,,,,,,,,,,,,,,686.8050539,943.3173726,1116.139129,978.0374873,1098.304571,2025.355399,2833.22768,3415.540058,5194.400436,
Arab World,ARB,Secure Internet servers (per 1 million people),IT.NET.SECR.P6,,,,,,,,,,,,,,,,,,,,,,,,,,,,,,,,,,,,,,,,,,,,,,,,,,,6.207515766,9.012434279,16.69403852,20.49847127,26.72602609,36.52527052,55.75980153,127.0662718,136.7295293,
United Arab Emirates,ARE,Secure Internet servers (per 1 million people),IT.NET.SECR.P6,,,,,,,,,,,,,,,,,,,,,,,,,,,,,,,,,,,,,,,,,,,,,,,,,,,91.81299436,125.6318337,237.0483229,275.3886481,367.0431699,586.6413326,938.6837703,1285.099518,1483.964369,
Argentina,ARG,Secure Internet servers (per 1 million people),IT.NET.SECR.P6,,,,,,,,,,,,,,,,,,,,,,,,,,,,,,,,,,,,,,,,,,,,,,,,,,,25.20321131,34.0268856,63.33076552,73.85742248,89.923716,123.2728413,735.0247651,1628.591391,1872.59091,
Armenia,ARM,Secure Internet servers (per 1 million people),IT.NET.SECR.P6,,,,,,,,,,,,,,,,,,,,,,,,,,,,,,,,,,,,,,,,,,,,,,,,,,,10.42637261,18.77256619,30.16404037,54.52818624,62.49135164,76.56672089,189.7044629,271.3248975,335.0525243,
American Samoa,ASM,Secure Internet servers (per 1 million people),IT.NET.SECR.P6,,,,,,,,,,,,,,,,,,,,,,,,,,,,,,,,,,,,,,,,,,,,,,,,,,,53.49596105,17.9343245,17.96396429,0,430.1769103,17.91729377,179.4011589,988.8529306,450.7346976,
Antigua and Barbuda,ATG,Secure Internet servers (per 1 million people),IT.NET.SECR.P6,,,,,,,,,,,,,,,,,,,,,,,,,,,,,,,,,,,,,,,,,,,,,,,,,,,681.6013087,817.8996784,519.8597485,710.2583155,777.857004,694.6967916,804.0030891,890.7425649,841.2437945,
Australia,AUS,Secure Internet servers (per 1 million people),IT.NET.SECR.P6,,,,,,,,,,,,,,,,,,,,,,,,,,,,,,,,,,,,,,,,,,,,,,,,,,,1402.793695,2171.394265,3187.899425,3505.125728,3938.58565,4574.110802,9810.215053,21544.79377,32890.8396,
Austria,AUT,Secure Internet servers (per 1 million people),IT.NET.SECR.P6,,,,,,,,,,,,,,,,,,,,,,,,,,,,,,,,,,,,,,,,,,,,,,,,,,,690.1496089,1068.443927,1613.40623,1857.468016,2345.327061,3081.907631,4449.980244,7431.714636,16692.7074,
Azerbaijan,AZE,Secure Internet servers (per 1 million people),IT.NET.SECR.P6,,,,,,,,,,,,,,,,,,,,,,,,,,,,,,,,,,,,,,,,,,,,,,,,,,,2.540220526,4.905657662,10.75756493,16.77852171,22.96782229,33.26652048,101.8670989,259.4876636,329.2989352,
Burundi,BDI,Secure Internet servers (per 1 million people),IT.NET.SECR.P6,,,,,,,,,,,,,,,,,,,,,,,,,,,,,,,,,,,,,,,,,,,,,,,,,,,0.461063105,0.446508006,0.432620073,0.314455883,0.609489941,0.78739925,1.525553304,4.618074182,5.995322932,
Belgium,BEL,Secure Internet servers (per 1 million people),IT.NET.SECR.P6,,,,,,,,,,,,,,,,,,,,,,,,,,,,,,,,,,,,,,,,,,,,,,,,,,,401.8140924,597.9201077,957.330071,1260.550852,1610.037312,2038.460215,3047.27862,8300.544045,13979.34244,
Benin,BEN,Secure Internet servers (per 1 million people),IT.NET.SECR.P6,,,,,,,,,,,,,,,,,,,,,,,,,,,,,,,,,,,,,,,,,,,,,,,,,,,0.108704408,0.317096914,0.9250458,0.99954141,1.069327205,2.269299256,2.483428404,4.205739779,7.313857112,
Burkina Faso,BFA,Secure Internet servers (per 1 million people),IT.NET.SECR.P6,,,,,,,,,,,,,,,,,,,,,,,,,,,,,,,,,,,,,,,,,,,,,,,,,,,0.256324536,0.248726659,0.603454924,0.702873434,0.739223668,1.490837643,1.823410423,1.927757647,2.531448822,
Bangladesh,BGD,Secure Internet servers (per 1 million people),IT.NET.SECR.P6,,,,,,,,,,,,,,,,,,,,,,,,,,,,,,,,,,,,,,,,,,,,,,,,,,,0.203285872,0.489034317,0.735061334,0.955718323,1.307272726,2.009519285,23.61828297,65.2155153,115.9671501,
Bulgaria,BGR,Secure Internet servers (per 1 million people),IT.NET.SECR.P6,,,,,,,,,,,,,,,,,,,,,,,,,,,,,,,,,,,,,,,,,,,,,,,,,,,62.3343694,101.3836073,251.7147813,322.5000568,635.2490844,679.8559653,4043.451141,32308.32566,38228.32327,
Bahrain,BHR,Secure Internet servers (per 1 million people),IT.NET.SECR.P6,,,,,,,,,,,,,,,,,,,,,,,,,,,,,,,,,,,,,,,,,,,,,,,,,,,74.94801992,109.5332242,208.4706791,247.9032782,288.9059372,328.0239618,346.474343,359.4199484,370.8331448,
"Bahamas, The",BHS,Secure Internet servers (per 1 million people),IT.NET.SECR.P6,,,,,,,,,,,,,,,,,,,,,,,,,,,,,,,,,,,,,,,,,,,,,,,,,,,366.2570223,414.3757804,530.826439,620.9691476,739.2757795,1002.121826,1053.102286,1508.797389,2357.120631,
Bosnia and Herzegovina,BIH,Secure Internet servers (per 1 million people),IT.NET.SECR.P6,,,,,,,,,,,,,,,,,,,,,,,,,,,,,,,,,,,,,,,,,,,,,,,,,,,11.87433072,18.02699953,33.84214912,41.49488865,61.74427875,82.23106287,188.4080611,1499.018209,1934.758534,
Belarus,BLR,Secure Internet servers (per 1 million people),IT.NET.SECR.P6,,,,,,,,,,,,,,,,,,,,,,,,,,,,,,,,,,,,,,,,,,,,,,,,,,,5.057645036,9.07826861,25.46358786,38.66470695,61.11133334,107.5912872,438.9817476,2259.886649,3419.997879,
Belize,BLZ,Secure Internet servers (per 1 million people),IT.NET.SECR.P6,,,,,,,,,,,,,,,,,,,,,,,,,,,,,,,,,,,,,,,,,,,,,,,,,,,213.9773742,281.6159304,979.2899408,1015.287158,834.8284781,1141.486093,1517.372421,8002.256706,11595.76162,
Bermuda,BMU,Secure Internet servers (per 1 million people),IT.NET.SECR.P6,,,,,,,,,,,,,,,,,,,,,,,,,,,,,,,,,,,,,,,,,,,,,,,,,,,3562.43474,5529.397187,6682.305009,7292.195505,7768.003807,8093.318414,8132.600108,7874.878667,8144.697349,
Bolivia,BOL,Secure Internet servers (per 1 million people),IT.NET.SECR.P6,,,,,,,,,,,,,,,,,,,,,,,,,,,,,,,,,,,,,,,,,,,,,,,,,,,5.771954075,8.126933696,10.503315,14.22829161,18.4934092,26.67959554,37.89041747,109.5341724,130.1842257,
Brazil,BRA,Secure Internet servers (per 1 million people),IT.NET.SECR.P6,,,,,,,,,,,,,,,,,,,,,,,,,,,,,,,,,,,,,,,,,,,,,,,,,,,28.25045889,44.09295774,70.54639348,86.83026136,112.3376426,158.9608197,410.044364,1581.638554,2036.384009,
Barbados,BRB,Secure Internet servers (per 1 million people),IT.NET.SECR.P6,,,,,,,,,,,,,,,,,,,,,,,,,,,,,,,,,,,,,,,,,,,,,,,,,,,187.855996,247.3611862,292.5625661,383.4032136,477.4861757,574.7851565,643.8158687,768.6045984,868.6824285,
Brunei Darussalam,BRN,Secure Internet servers (per 1 million people),IT.NET.SECR.P6,,,,,,,,,,,,,,,,,,,,,,,,,,,,,,,,,,,,,,,,,,,,,,,,,,,41.16856986,58.42189754,122.8104033,150.8329192,241.5995353,573.6225226,612.1962839,1620.833363,1988.521128,
Bhutan,BTN,Secure Internet servers (per 1 million people),IT.NET.SECR.P6,,,,,,,,,,,,,,,,,,,,,,,,,,,,,,,,,,,,,,,,,,,,,,,,,,,1.458782821,2.884762397,11.40278485,9.855851137,18.07925947,19.23404536,36.64947761,118.0308168,177.6260151,
Botswana,BWA,Secure Internet servers (per 1 million people),IT.NET.SECR.P6,,,,,,,,,,,,,,,,,,,,,,,,,,,,,,,,,,,,,,,,,,,,,,,,,,,4.52920203,5.954147113,9.806079868,10.66648049,19.15145642,35.36541432,50.92724626,68.47675056,133.5329081,
Central African Republic,CAF,Secure Internet servers (per 1 million people),IT.NET.SECR.P6,,,,,,,,,,,,,,,,,,,,,,,,,,,,,,,,,,,,,,,,,,,,,,,,,,,,,,0,0.224005555,0.222560019,0.220376593,0.435158358,0.642897048,
Canada,CAN,Secure Internet servers (per 1 million people),IT.NET.SECR.P6,,,,,,,,,,,,,,,,,,,,,,,,,,,,,,,,,,,,,,,,,,,,,,,,,,,1282.697909,1641.936616,2146.094474,2362.885406,2697.825054,3386.894983,10221.44125,26568.88012,30952.30463,
Central Europe and the Baltics,CEB,Secure Internet servers (per 1 million people),IT.NET.SECR.P6,,,,,,,,,,,,,,,,,,,,,,,,,,,,,,,,,,,,,,,,,,,,,,,,,,,150.2756421,220.5059959,401.7017584,523.6626057,702.6442976,989.7755763,4145.887896,13204.82901,21424.92265,
Switzerland,CHE,Secure Internet servers (per 1 million people),IT.NET.SECR.P6,,,,,,,,,,,,,,,,,,,,,,,,,,,,,,,,,,,,,,,,,,,,,,,,,,,1449.601523,2439.083575,3486.493013,3954.955073,4897.999658,6938.08893,17196.72608,32951.99625,68137.03635,
Channel Islands,CHI,Secure Internet servers (per 1 million people),IT.NET.SECR.P6,,,,,,,,,,,,,,,,,,,,,,,,,,,,,,,,,,,,,,,,,,,,,,,,,,,,,,,,,,,,
Chile,CHL,Secure Internet servers (per 1 million people),IT.NET.SECR.P6,,,,,,,,,,,,,,,,,,,,,,,,,,,,,,,,,,,,,,,,,,,,,,,,,,,46.30026861,64.40915107,102.9289818,127.4221955,165.156077,223.9924832,1237.18578,7258.192401,8073.293196,
China,CHN,Secure Internet servers (per 1 million people),IT.NET.SECR.P6,,,,,,,,,,,,,,,,,,,,,,,,,,,,,,,,,,,,,,,,,,,,,,,,,,,1.199068554,1.957399954,3.775833923,5.156256907,9.759065288,19.68247254,47.91156662,209.120056,446.7068276,
Cote d'Ivoire,CIV,Secure Internet servers (per 1 million people),IT.NET.SECR.P6,,,,,,,,,,,,,,,,,,,,,,,,,,,,,,,,,,,,,,,,,,,,,,,,,,,0.535724287,0.665758224,1.809980959,2.444821178,3.444060922,5.037427006,6.044651336,8.675202821,11.64774553,
Cameroon,CMR,Secure Internet servers (per 1 million people),IT.NET.SECR.P6,,,,,,,,,,,,,,,,,,,,,,,,,,,,,,,,,,,,,,,,,,,,,,,,,,,0.344128463,0.430490432,0.884326962,1.268271144,1.807612057,2.231915987,2.800237845,8.548384569,5.433007312,
"Congo, Dem. Rep.",COD,Secure Internet servers (per 1 million people),IT.NET.SECR.P6,,,,,,,,,,,,,,,,,,,,,,,,,,,,,,,,,,,,,,,,,,,,,,,,,,,0.06195417,0.074900585,0.173860767,0.154150559,0.352458992,0.511512011,0.634605331,2.555321356,2.819143354,
"Congo, Rep.",COG,Secure Internet servers (per 1 million people),IT.NET.SECR.P6,,,,,,,,,,,,,,,,,,,,,,,,,,,,,,,,,,,,,,,,,,,,,,,,,,,0,0.227539362,1.773758048,1.94688845,3.166578495,3.706682015,4.617547604,4.69602806,6.101789674,
Colombia,COL,Secure Internet servers (per 1 million people),IT.NET.SECR.P6,,,,,,,,,,,,,,,,,,,,,,,,,,,,,,,,,,,,,,,,,,,,,,,,,,,10.50357453,14.89167435,30.40572567,41.35726945,54.73798803,71.31633906,320.0032085,462.9755924,651.3364855,
Comoros,COM,Secure Internet servers (per 1 million people),IT.NET.SECR.P6,,,,,,,,,,,,,,,,,,,,,,,,,,,,,,,,,,,,,,,,,,,,,,,,,,,0,1.415289943,0,1.348608573,3.950539249,1.286299368,59.07550604,4.914656982,7.208748537,
Cabo Verde,CPV,Secure Internet servers (per 1 million people),IT.NET.SECR.P6,,,,,,,,,,,,,,,,,,,,,,,,,,,,,,,,,,,,,,,,,,,,,,,,,,,24.35786576,28.06421091,61.35758607,62.53077687,75.25049733,74.32209672,112.9632907,260.46657,498.3752232,
Costa Rica,CRI,Secure Internet servers (per 1 million people),IT.NET.SECR.P6,,,,,,,,,,,,,,,,,,,,,,,,,,,,,,,,,,,,,,,,,,,,,,,,,,,103.5527326,137.9210315,163.609215,272.8744839,305.0842934,312.9251925,489.8613998,1161.424934,1205.934824,
Caribbean small states,CSS,Secure Internet servers (per 1 million people),IT.NET.SECR.P6,,,,,,,,,,,,,,,,,,,,,,,,,,,,,,,,,,,,,,,,,,,,,,,,,,,71.1294059,95.69395705,150.1555637,176.4623634,200.4618429,268.0619179,357.5267567,761.4501182,1023.105831,
Cuba,CUB,Secure Internet servers (per 1 million people),IT.NET.SECR.P6,,,,,,,,,,,,,,,,,,,,,,,,,,,,,,,,,,,,,,,,,,,,,,,,,,,0.089080257,0,0,,0.088441555,0.088301928,2.8230871,8.466161678,16.05201842,
Curacao,CUW,Secure Internet servers (per 1 million people),IT.NET.SECR.P6,,,,,,,,,,,,,,,,,,,,,,,,,,,,,,,,,,,,,,,,,,,,,,,,,,,0,0,13.15028142,1313.206173,1455.977525,2525.636156,2912.365969,3165.287966,3784.821926,
Cayman Islands,CYM,Secure Internet servers (per 1 million people),IT.NET.SECR.P6,,,,,,,,,,,,,,,,,,,,,,,,,,,,,,,,,,,,,,,,,,,,,,,,,,,1676.312818,2937.212758,3935.00458,3754.254822,4338.679989,4973.754131,5226.230242,6058.502414,11531.14969,
Cyprus,CYP,Secure Internet servers (per 1 million people),IT.NET.SECR.P6,,,,,,,,,,,,,,,,,,,,,,,,,,,,,,,,,,,,,,,,,,,,,,,,,,,275.9272774,406.2825326,1506.546871,980.8841245,2426.483032,2377.291696,4550.55474,17364.03092,6372.002876,
Czech Republic,CZE,Secure Internet servers (per 1 million people),IT.NET.SECR.P6,,,,,,,,,,,,,,,,,,,,,,,,,,,,,,,,,,,,,,,,,,,,,,,,,,,305.5064677,470.0799002,834.6664878,1079.865539,1417.625471,2048.822219,11991.38925,25419.94205,42361.46436,
Germany,DEU,Secure Internet servers (per 1 million people),IT.NET.SECR.P6,,,,,,,,,,,,,,,,,,,,,,,,,,,,,,,,,,,,,,,,,,,,,,,,,,,1049.317943,1471.903146,2194.90449,2601.183288,3352.786096,4297.925887,11624.9602,34181.27844,56391.56134,
Djibouti,DJI,Secure Internet servers (per 1 million people),IT.NET.SECR.P6,,,,,,,,,,,,,,,,,,,,,,,,,,,,,,,,,,,,,,,,,,,,,,,,,,,4.760782577,7.028444113,1.151893252,4.52850866,8.901786589,10.94100283,11.83926157,22.2434771,37.54223501,
Dominica,DMA,Secure Internet servers (per 1 million people),IT.NET.SECR.P6,,,,,,,,,,,,,,,,,,,,,,,,,,,,,,,,,,,,,,,,,,,,,,,,,,,42.32625074,70.5059507,197.2803495,168.9760054,225.0826475,266.9176629,5357.117815,6969.128719,6631.762653,
Denmark,DNK,Secure Internet servers (per 1 million people),IT.NET.SECR.P6,,,,,,,,,,,,,,,,,,,,,,,,,,,,,,,,,,,,,,,,,,,,,,,,,,,1588.050363,2368.158961,3064.433401,3458.456843,4349.802205,6004.944503,24041.33373,43757.82743,123073.5051,
Dominican Republic,DOM,Secure Internet servers (per 1 million people),IT.NET.SECR.P6,,,,,,,,,,,,,,,,,,,,,,,,,,,,,,,,,,,,,,,,,,,,,,,,,,,11.86163638,13.75696637,24.06627146,26.87042009,34.23452103,46.39319644,93.28947638,98.1629545,121.6693257,
Algeria,DZA,Secure Internet servers (per 1 million people),IT.NET.SECR.P6,,,,,,,,,,,,,,,,,,,,,,,,,,,,,,,,,,,,,,,,,,,,,,,,,,,0.361337399,0.490979024,1.230476649,1.782898916,2.414981911,3.826014507,7.619958115,63.32570155,67.60848243,
East Asia & Pacific (excluding high income),EAP,Secure Internet servers (per 1 million people),IT.NET.SECR.P6,,,,,,,,,,,,,,,,,,,,,,,,,,,,,,,,,,,,,,,,,,,,,,,,,,,2.433933112,3.555492647,6.876285785,9.02175775,14.22596506,24.51223051,106.5478547,466.8929555,680.4448477,
Early-demographic dividend,EAR,Secure Internet servers (per 1 million people),IT.NET.SECR.P6,,,,,,,,,,,,,,,,,,,,,,,,,,,,,,,,,,,,,,,,,,,,,,,,,,,7.115183414,10.0048907,17.51171157,21.04413872,25.79337823,33.62193881,126.8195751,501.3540612,623.2386487,
East Asia & Pacific,EAS,Secure Internet servers (per 1 million people),IT.NET.SECR.P6,,,,,,,,,,,,,,,,,,,,,,,,,,,,,,,,,,,,,,,,,,,,,,,,,,,58.86470839,78.60059834,112.2545899,130.2035067,163.0198534,196.6258321,412.3588587,1237.779619,2000.494164,
Europe & Central Asia (excluding high income),ECA,Secure Internet servers (per 1 million people),IT.NET.SECR.P6,,,,,,,,,,,,,,,,,,,,,,,,,,,,,,,,,,,,,,,,,,,,,,,,,,,27.49570513,41.35546357,82.24965121,104.4524623,139.4984064,241.202303,1157.069054,3746.750555,5056.187294,
Europe & Central Asia,ECS,Secure Internet servers (per 1 million people),IT.NET.SECR.P6,,,,,,,,,,,,,,,,,,,,,,,,,,,,,,,,,,,,,,,,,,,,,,,,,,,369.1011484,530.1475966,791.8101163,935.5293123,1175.922947,1609.588174,4421.049378,12173.06749,18856.9424,
Ecuador,ECU,Secure Internet servers (per 1 million people),IT.NET.SECR.P6,,,,,,,,,,,,,,,,,,,,,,,,,,,,,,,,,,,,,,,,,,,,,,,,,,,10.5921498,13.84161765,23.97554314,30.68602883,41.68798605,81.35938643,120.5497627,209.9448442,265.6231077,
"Egypt, Arab Rep.",EGY,Secure Internet servers (per 1 million people),IT.NET.SECR.P6,,,,,,,,,,,,,,,,,,,,,,,,,,,,,,,,,,,,,,,,,,,,,,,,,,,2.477005086,2.981216561,5.056568772,6.368444009,8.017724901,10.54709148,14.69606173,36.18733063,35.11353147,
Euro area,EMU,Secure Internet servers (per 1 million people),IT.NET.SECR.P6,,,,,,,,,,,,,,,,,,,,,,,,,,,,,,,,,,,,,,,,,,,,,,,,,,,544.0315198,782.2887105,1192.369589,1428.149962,1853.585079,2493.474325,6792.82454,19626.32017,30494.55001,
Eritrea,ERI,Secure Internet servers (per 1 million people),IT.NET.SECR.P6,,,,,,,,,,,,,,,,,,,,,,,,,,,,,,,,,,,,,,,,,,,,,,,,,,,0.315414131,0.311141479,,,,,,,,
Spain,ESP,Secure Internet servers (per 1 million people),IT.NET.SECR.P6,,,,,,,,,,,,,,,,,,,,,,,,,,,,,,,,,,,,,,,,,,,,,,,,,,,207.0554421,265.0039641,403.6298249,488.330717,625.8487092,889.5715243,2762.589077,7247.039034,11320.66693,
Estonia,EST,Secure Internet servers (per 1 million people),IT.NET.SECR.P6,,,,,,,,,,,,,,,,,,,,,,,,,,,,,,,,,,,,,,,,,,,,,,,,,,,535.496348,730.7303763,1255.768521,1613.812475,2194.675724,3120.707127,10786.67569,29131.21763,48933.89578,
Ethiopia,ETH,Secure Internet servers (per 1 million people),IT.NET.SECR.P6,,,,,,,,,,,,,,,,,,,,,,,,,,,,,,,,,,,,,,,,,,,,,,,,,,,0.034230959,0.044375452,0.258824372,0.293544788,0.366993977,0.327265831,0.405391706,0.714285553,1.464872017,
European Union,EUU,Secure Internet servers (per 1 million people),IT.NET.SECR.P6,,,,,,,,,,,,,,,,,,,,,,,,,,,,,,,,,,,,,,,,,,,,,,,,,,,591.0107531,842.9564119,1254.616368,1485.014647,1872.330782,2529.526258,6746.422135,18869.87696,29326.02712,
Fragile and conflict affected situations,FCS,Secure Internet servers (per 1 million people),IT.NET.SECR.P6,,,,,,,,,,,,,,,,,,,,,,,,,,,,,,,,,,,,,,,,,,,,,,,,,,,0.542602761,0.861192324,1.633845866,2.061869705,2.973306089,3.796489045,9.893556576,29.02474375,32.91534094,
Finland,FIN,Secure Internet servers (per 1 million people),IT.NET.SECR.P6,,,,,,,,,,,,,,,,,,,,,,,,,,,,,,,,,,,,,,,,,,,,,,,,,,,1017.460722,1581.026348,2205.22053,2525.477241,3008.873733,3395.181084,7131.362911,22324.1145,33983.56303,
Fiji,FJI,Secure Internet servers (per 1 million people),IT.NET.SECR.P6,,,,,,,,,,,,,,,,,,,,,,,,,,,,,,,,,,,,,,,,,,,,,,,,,,,15.11947877,24.32106586,47.39506328,49.67606584,73.86436425,90.94812848,113.4801851,149.2947249,173.1782049,
France,FRA,Secure Internet servers (per 1 million people),IT.NET.SECR.P6,,,,,,,,,,,,,,,,,,,,,,,,,,,,,,,,,,,,,,,,,,,,,,,,,,,278.0515636,401.4062456,622.4660203,821.3496732,1188.896814,1897.185975,6674.44733,14831.19516,20414.94646,
Faroe Islands,FRO,Secure Internet servers (per 1 million people),IT.NET.SECR.P6,,,,,,,,,,,,,,,,,,,,,,,,,,,,,,,,,,,,,,,,,,,,,,,,,,,1735.893253,2258.327583,3135.254896,3466.132131,3628.023353,3683.58619,3695.01588,3931.224266,4639.462235,
"Micronesia, Fed. Sts.",FSM,Secure Internet servers (per 1 million people),IT.NET.SECR.P6,,,,,,,,,,,,,,,,,,,,,,,,,,,,,,,,,,,,,,,,,,,,,,,,,,,29.15140267,77.33204447,114.825943,103.8460812,120.9910094,137.7473713,154.2439777,161.4943612,186.4346591,
Gabon,GAB,Secure Internet servers (per 1 million people),IT.NET.SECR.P6,,,,,,,,,,,,,,,,,,,,,,,,,,,,,,,,,,,,,,,,,,,,,,,,,,,2.462841873,18.40161222,8.001453978,12.10739701,12.20936405,16.42975305,22.41177604,28.08957475,26.42413089,
United Kingdom,GBR,Secure Internet servers (per 1 million people),IT.NET.SECR.P6,,,,,,,,,,,,,,,,,,,,,,,,,,,,,,,,,,,,,,,,,,,,,,,,,,,1315.401967,1811.950056,2500.537674,2832.496879,3250.498815,4385.413711,8698.545397,21195.88532,27250.07513,
Georgia,GEO,Secure Internet servers (per 1 million people),IT.NET.SECR.P6,,,,,,,,,,,,,,,,,,,,,,,,,,,,,,,,,,,,,,,,,,,,,,,,,,,9.506971119,14.90772782,43.71292782,63.7496409,83.07760308,118.648927,406.7063626,2360.244249,2179.576521,
Ghana,GHA,Secure Internet servers (per 1 million people),IT.NET.SECR.P6,,,,,,,,,,,,,,,,,,,,,,,,,,,,,,,,,,,,,,,,,,,,,,,,,,,0.887826403,1.299841537,2.69267545,4.246900195,5.436285413,7.181533548,96.93860104,94.22600939,21.80258828,
Gibraltar,GIB,Secure Internet servers (per 1 million people),IT.NET.SECR.P6,,,,,,,,,,,,,,,,,,,,,,,,,,,,,,,,,,,,,,,,,,,,,,,,,,,4793.806759,5265.976437,7905.843191,7984.091179,10170.49666,11471.42518,13931.29205,18382.35294,16460.05101,
Guinea,GIN,Secure Internet servers (per 1 million people),IT.NET.SECR.P6,,,,,,,,,,,,,,,,,,,,,,,,,,,,,,,,,,,,,,,,,,,,,,,,,,,0.098114475,0.095964952,0.375515313,0.367214704,0.538069444,0.787257761,0.937092072,1.574471812,3.302638131,
"Gambia, The",GMB,Secure Internet servers (per 1 million people),IT.NET.SECR.P6,,,,,,,,,,,,,,,,,,,,,,,,,,,,,,,,,,,,,,,,,,,,,,,,,,,4.461308189,2.164330002,3.149588113,4.073919227,7.904974304,8.15011554,8.840749714,47.87943777,24.56030476,
Guinea-Bissau,GNB,Secure Internet servers (per 1 million people),IT.NET.SECR.P6,,,,,,,,,,,,,,,,,,,,,,,,,,,,,,,,,,,,,,,,,,,,,,,,,,,,,,,0.590863245,1.72691489,1.683088939,2.735011317,2.134119828,
Equatorial Guinea,GNQ,Secure Internet servers (per 1 million people),IT.NET.SECR.P6,,,,,,,,,,,,,,,,,,,,,,,,,,,,,,,,,,,,,,,,,,,,,,,,,,,0,1.013322146,0,0.929011448,2.673139228,3.422992928,5.760468211,0,9.931442489,
Greece,GRC,Secure Internet servers (per 1 million people),IT.NET.SECR.P6,,,,,,,,,,,,,,,,,,,,,,,,,,,,,,,,,,,,,,,,,,,,,,,,,,,63.93113924,92.84190698,162.3357369,212.4902111,277.8080486,409.9480606,1411.844928,3695.693753,5037.814369,
Grenada,GRD,Secure Internet servers (per 1 million people),IT.NET.SECR.P6,,,,,,,,,,,,,,,,,,,,,,,,,,,,,,,,,,,,,,,,,,,,,,,,,,,94.13270829,74.90917263,158.2190123,175.6494407,183.6513563,218.9801002,281.151087,234.5004239,323.0032121,
Greenland,GRL,Secure Internet servers (per 1 million people),IT.NET.SECR.P6,,,,,,,,,,,,,,,,,,,,,,,,,,,,,,,,,,,,,,,,,,,,,,,,,,,931.3768562,1107.400246,1777.856011,2018.306393,2327.027267,2797.875753,2954.472644,2527.994873,3070.05801,
Guatemala,GTM,Secure Internet servers (per 1 million people),IT.NET.SECR.P6,,,,,,,,,,,,,,,,,,,,,,,,,,,,,,,,,,,,,,,,,,,,,,,,,,,7.245179683,10.23493319,14.47208518,17.50468924,22.60845985,28.48804939,36.18150088,68.28284777,74.56020351,
Guam,GUM,Secure Internet servers (per 1 million people),IT.NET.SECR.P6,,,,,,,,,,,,,,,,,,,,,,,,,,,,,,,,,,,,,,,,,,,,,,,,,,,163.0666566,181.5995792,231.2557814,299.2388113,316.7387092,710.5212755,650.5022982,730.4557435,856.618889,
Guyana,GUY,Secure Internet servers (per 1 million people),IT.NET.SECR.P6,,,,,,,,,,,,,,,,,,,,,,,,,,,,,,,,,,,,,,,,,,,,,,,,,,,1.334336755,5.31895089,6.619018558,9.219199642,14.40959941,27.36398795,31.11363477,32.24886839,47.49654687,
High income,HIC,Secure Internet servers (per 1 million people),IT.NET.SECR.P6,,,,,,,,,,,,,,,,,,,,,,,,,,,,,,,,,,,,,,,,,,,,,,,,,,,1089.227364,1393.66363,1888.250661,2154.505275,2613.107985,3314.789052,7016.871383,18739.3828,34193.08481,
"Hong Kong SAR, China",HKG,Secure Internet servers (per 1 million people),IT.NET.SECR.P6,,,,,,,,,,,,,,,,,,,,,,,,,,,,,,,,,,,,,,,,,,,,,,,,,,,447.4530907,639.3178347,998.307716,1161.598574,1553.634415,2331.820114,3873.320067,10484.86816,19403.56999,
Honduras,HND,Secure Internet servers (per 1 million people),IT.NET.SECR.P6,,,,,,,,,,,,,,,,,,,,,,,,,,,,,,,,,,,,,,,,,,,,,,,,,,,6.011443384,8.254063859,10.7630281,13.29768946,16.07934442,20.3008565,30.31023769,79.54172934,74.78470454,
Heavily indebted poor countries (HIPC),HPC,Secure Internet servers (per 1 million people),IT.NET.SECR.P6,,,,,,,,,,,,,,,,,,,,,,,,,,,,,,,,,,,,,,,,,,,,,,,,,,,0.536924121,0.712243556,1.286998115,1.640751658,2.214643488,3.045472004,8.170945756,16.51213689,15.15662464,
Croatia,HRV,Secure Internet servers (per 1 million people),IT.NET.SECR.P6,,,,,,,,,,,,,,,,,,,,,,,,,,,,,,,,,,,,,,,,,,,,,,,,,,,117.7996972,172.6384624,313.0595999,396.8805051,500.661926,635.6450322,1724.580288,14607.96391,19547.36636,
Haiti,HTI,Secure Internet servers (per 1 million people),IT.NET.SECR.P6,,,,,,,,,,,,,,,,,,,,,,,,,,,,,,,,,,,,,,,,,,,,,,,,,,,0.201018723,0.396027057,1.07307337,1.34606674,2.369891084,3.83337282,4.520307713,4.552753022,5.304240444,
Hungary,HUN,Secure Internet servers (per 1 million people),IT.NET.SECR.P6,,,,,,,,,,,,,,,,,,,,,,,,,,,,,,,,,,,,,,,,,,,,,,,,,,,167.6996143,217.8158307,393.1308152,515.4106678,668.1215608,926.5441488,4125.932862,13627.14174,19257.25666,
IBRD only,IBD,Secure Internet servers (per 1 million people),IT.NET.SECR.P6,,,,,,,,,,,,,,,,,,,,,,,,,,,,,,,,,,,,,,,,,,,,,,,,,,,8.878408213,13.01587749,23.48470821,29.7826521,39.92940208,60.96682073,233.7460149,887.2596402,1259.40511,
IDA & IBRD total,IBT,Secure Internet servers (per 1 million people),IT.NET.SECR.P6,,,,,,,,,,,,,,,,,,,,,,,,,,,,,,,,,,,,,,,,,,,,,,,,,,,6.936127469,10.13765564,18.27275971,23.09811607,30.90988499,46.85294816,180.7345997,681.8467963,959.9362896,
IDA total,IDA,Secure Internet servers (per 1 million people),IT.NET.SECR.P6,,,,,,,,,,,,,,,,,,,,,,,,,,,,,,,,,,,,,,,,,,,,,,,,,,,0.59507595,0.860962989,1.681787554,2.145829851,2.959784844,4.07059621,22.11271909,75.2388545,83.55626689,
IDA blend,IDB,Secure Internet servers (per 1 million people),IT.NET.SECR.P6,,,,,,,,,,,,,,,,,,,,,,,,,,,,,,,,,,,,,,,,,,,,,,,,,,,0.891135467,1.294345469,2.582930444,3.330195981,4.692261386,6.268412137,42.64403607,168.2661314,176.0716289,
Indonesia,IDN,Secure Internet servers (per 1 million people),IT.NET.SECR.P6,,,,,,,,,,,,,,,,,,,,,,,,,,,,,,,,,,,,,,,,,,,,,,,,,,,1.637485415,2.427420078,5.31288863,7.823470668,11.78227466,17.68303438,306.2233068,1280.673602,1282.999301,
IDA only,IDX,Secure Internet servers (per 1 million people),IT.NET.SECR.P6,,,,,,,,,,,,,,,,,,,,,,,,,,,,,,,,,,,,,,,,,,,,,,,,,,,0.441641701,0.635907524,1.21319575,1.532011649,2.059288695,2.943126267,11.57363828,27.47288789,35.71712596,
Isle of Man,IMN,Secure Internet servers (per 1 million people),IT.NET.SECR.P6,,,,,,,,,,,,,,,,,,,,,,,,,,,,,,,,,,,,,,,,,,,,,,,,,,,58.92265812,247.390618,520.5067843,809.7551681,1066.021464,1585.890381,3397.889226,4545.563291,8254.338285,
India,IND,Secure Internet servers (per 1 million people),IT.NET.SECR.P6,,,,,,,,,,,,,,,,,,,,,,,,,,,,,,,,,,,,,,,,,,,,,,,,,,,1.669797814,2.273074958,4.506302381,6.152183171,8.444708758,11.68795322,38.29568349,123.1015668,187.8077374,
Not classified,INX,Secure Internet servers (per 1 million people),IT.NET.SECR.P6,,,,,,,,,,,,,,,,,,,,,,,,,,,,,,,,,,,,,,,,,,,,,,,,,,,,,,,,,,,,
Ireland,IRL,Secure Internet servers (per 1 million people),IT.NET.SECR.P6,,,,,,,,,,,,,,,,,,,,,,,,,,,,,,,,,,,,,,,,,,,,,,,,,,,959.3972135,1508.050944,2466.77217,2641.757371,2807.799491,3194.414581,11743.44184,38597.46707,69791.61044,
"Iran, Islamic Rep.",IRN,Secure Internet servers (per 1 million people),IT.NET.SECR.P6,,,,,,,,,,,,,,,,,,,,,,,,,,,,,,,,,,,,,,,,,,,,,,,,,,,1.247245908,1.701615527,2.369609836,3.111845629,5.215207809,12.26873264,64.12446551,225.6986273,494.5949505,
Iraq,IRQ,Secure Internet servers (per 1 million people),IT.NET.SECR.P6,,,,,,,,,,,,,,,,,,,,,,,,,,,,,,,,,,,,,,,,,,,,,,,,,,,0.033622514,0.260371746,0.564440069,0.904784955,1.540162602,2.445725899,4.151799401,10.41201183,11.31822156,
Iceland,ISL,Secure Internet servers (per 1 million people),IT.NET.SECR.P6,,,,,,,,,,,,,,,,,,,,,,,,,,,,,,,,,,,,,,,,,,,,,,,,,,,2333.032534,3269.44899,4580.376408,5522.54111,6576.334969,7611.50492,35663.71233,57638.32266,64605.99478,
Israel,ISR,Secure Internet servers (per 1 million people),IT.NET.SECR.P6,,,,,,,,,,,,,,,,,,,,,,,,,,,,,,,,,,,,,,,,,,,,,,,,,,,444.4094653,651.0597749,900.4487706,960.3573423,1008.678506,1304.99636,2119.588111,6967.624207,9610.86472,
Italy,ITA,Secure Internet servers (per 1 million people),IT.NET.SECR.P6,,,,,,,,,,,,,,,,,,,,,,,,,,,,,,,,,,,,,,,,,,,,,,,,,,,127.0635662,190.4025751,303.2933462,374.9878723,493.0650442,628.0196689,1305.100864,7744.061541,12256.03633,
Jamaica,JAM,Secure Internet servers (per 1 million people),IT.NET.SECR.P6,,,,,,,,,,,,,,,,,,,,,,,,,,,,,,,,,,,,,,,,,,,,,,,,,,,24.19532746,32.20179983,51.72173565,71.01107528,85.21336034,121.4103945,121.8069546,137.2886619,153.6702835,
Jordan,JOR,Secure Internet servers (per 1 million people),IT.NET.SECR.P6,,,,,,,,,,,,,,,,,,,,,,,,,,,,,,,,,,,,,,,,,,,,,,,,,,,11.84321946,17.09484022,30.89901805,34.50534129,38.78902459,45.97167778,70.04159675,108.0868495,102.9528794,
Japan,JPN,Secure Internet servers (per 1 million people),IT.NET.SECR.P6,,,,,,,,,,,,,,,,,,,,,,,,,,,,,,,,,,,,,,,,,,,,,,,,,,,552.9007574,679.6210681,909.613019,1054.737338,1376.6696,1504.274782,2109.539994,5980.236099,11670.80142,
Kazakhstan,KAZ,Secure Internet servers (per 1 million people),IT.NET.SECR.P6,,,,,,,,,,,,,,,,,,,,,,,,,,,,,,,,,,,,,,,,,,,,,,,,,,,3.492246478,5.496098042,12.02947412,17.37542962,26.89682638,48.16789287,264.1893599,1232.247257,1374.16909,
Kenya,KEN,Secure Internet servers (per 1 million people),IT.NET.SECR.P6,,,,,,,,,,,,,,,,,,,,,,,,,,,,,,,,,,,,,,,,,,,,,,,,,,,1.546489521,2.200181448,5.164239737,6.942020443,9.807284504,12.92860303,19.20423286,36.5779793,217.2279849,
Kyrgyz Republic,KGZ,Secure Internet servers (per 1 million people),IT.NET.SECR.P6,,,,,,,,,,,,,,,,,,,,,,,,,,,,,,,,,,,,,,,,,,,,,,,,,,,1.835569669,1.45069452,6.777000999,7.692845654,14.05192357,22.83066696,42.27321326,103.0944468,170.2080497,
Cambodia,KHM,Secure Internet servers (per 1 million people),IT.NET.SECR.P6,,,,,,,,,,,,,,,,,,,,,,,,,,,,,,,,,,,,,,,,,,,,,,,,,,,0.698704016,1.237843091,2.976904498,3.992990438,4.64826908,10.17947051,20.48674346,55.15504815,81.10870055,
Kiribati,KIR,Secure Internet servers (per 1 million people),IT.NET.SECR.P6,,,,,,,,,,,,,,,,,,,,,,,,,,,,,,,,,,,,,,,,,,,,,,,,,,,0,0,9.40114694,9.268699601,9.141519869,9.014693951,26.66097899,26.27936719,43.16037532,
St. Kitts and Nevis,KNA,Secure Internet servers (per 1 million people),IT.NET.SECR.P6,,,,,,,,,,,,,,,,,,,,,,,,,,,,,,,,,,,,,,,,,,,,,,,,,,,550.8405419,1456.104516,761.7214906,655.6595339,1201.402293,742.144015,891.0411622,3112.690941,4462.157472,
"Korea, Rep.",KOR,Secure Internet servers (per 1 million people),IT.NET.SECR.P6,,,,,,,,,,,,,,,,,,,,,,,,,,,,,,,,,,,,,,,,,,,,,,,,,,,175.3234928,208.5242503,268.327479,337.1083319,406.6080488,557.7188976,720.6067037,1196.513417,2063.977372,
Kuwait,KWT,Secure Internet servers (per 1 million people),IT.NET.SECR.P6,,,,,,,,,,,,,,,,,,,,,,,,,,,,,,,,,,,,,,,,,,,,,,,,,,,78.88006353,116.7907173,187.8255032,224.0258985,259.0124689,332.6736349,398.0415849,484.2093273,412.1036161,
Latin America & Caribbean (excluding high income),LAC,Secure Internet servers (per 1 million people),IT.NET.SECR.P6,,,,,,,,,,,,,,,,,,,,,,,,,,,,,,,,,,,,,,,,,,,,,,,,,,,18.47937189,26.70448307,43.65884863,54.97637648,68.57721744,95.07845922,272.181443,798.8275534,1003.093634,
Lao PDR,LAO,Secure Internet servers (per 1 million people),IT.NET.SECR.P6,,,,,,,,,,,,,,,,,,,,,,,,,,,,,,,,,,,,,,,,,,,,,,,,,,,0.480064137,0.94524406,1.862044245,2.598870195,3.313374769,4.153585345,8.326217096,16.39571784,20.39224772,
Lebanon,LBN,Secure Internet servers (per 1 million people),IT.NET.SECR.P6,,,,,,,,,,,,,,,,,,,,,,,,,,,,,,,,,,,,,,,,,,,,,,,,,,,16.75731432,30.75537311,49.10958189,57.31559131,72.49605184,83.73288872,88.21179055,119.3504342,174.4799366,
Liberia,LBR,Secure Internet servers (per 1 million people),IT.NET.SECR.P6,,,,,,,,,,,,,,,,,,,,,,,,,,,,,,,,,,,,,,,,,,,,,,,,,,,0.513959658,0.248914546,0.483598865,0.470772778,0.917535362,0.894408382,2.180174885,1.913986306,2.282642146,
Libya,LBY,Secure Internet servers (per 1 million people),IT.NET.SECR.P6,,,,,,,,,,,,,,,,,,,,,,,,,,,,,,,,,,,,,,,,,,,,,,,,,,,1.129457991,1.120459119,1.431810047,5.695878984,5.658565016,6.232165296,142.6334886,938.1946424,1099.786826,
St. Lucia,LCA,Secure Internet servers (per 1 million people),IT.NET.SECR.P6,,,,,,,,,,,,,,,,,,,,,,,,,,,,,,,,,,,,,,,,,,,,,,,,,,,45.95456243,51.26919747,113.2207919,129.5679753,140.2162696,139.5665621,183.3088921,193.4182532,252.9014949,
Latin America & Caribbean,LCN,Secure Internet servers (per 1 million people),IT.NET.SECR.P6,,,,,,,,,,,,,,,,,,,,,,,,,,,,,,,,,,,,,,,,,,,,,,,,,,,21.31277278,30.57794567,48.84803392,61.7096347,77.05236583,106.3202006,305.9372891,1011.472774,1233.415032,
Least developed countries: UN classification,LDC,Secure Internet servers (per 1 million people),IT.NET.SECR.P6,,,,,,,,,,,,,,,,,,,,,,,,,,,,,,,,,,,,,,,,,,,,,,,,,,,0.338516887,0.501926255,0.937480019,1.211793832,1.658180915,2.370621674,8.536919319,23.87628859,34.49335426,
Low income,LIC,Secure Internet servers (per 1 million people),IT.NET.SECR.P6,,,,,,,,,,,,,,,,,,,,,,,,,,,,,,,,,,,,,,,,,,,,,,,,,,,0.290109777,0.381758961,0.809129567,1.000143439,1.40869416,1.927664435,3.642645363,15.24475549,18.63087889,
Liechtenstein,LIE,Secure Internet servers (per 1 million people),IT.NET.SECR.P6,,,,,,,,,,,,,,,,,,,,,,,,,,,,,,,,,,,,,,,,,,,,,,,,,,,3806.189921,7494.558179,9777.413628,11615.3138,14372.834,15452.36189,17552.71124,23915.34392,35162.22633,
Sri Lanka,LKA,Secure Internet servers (per 1 million people),IT.NET.SECR.P6,,,,,,,,,,,,,,,,,,,,,,,,,,,,,,,,,,,,,,,,,,,,,,,,,,,3.553495932,5.196417217,9.253365973,11.56181686,15.93031091,20.93466857,71.0748479,305.2135796,412.4134749,
Lower middle income,LMC,Secure Internet servers (per 1 million people),IT.NET.SECR.P6,,,,,,,,,,,,,,,,,,,,,,,,,,,,,,,,,,,,,,,,,,,,,,,,,,,1.786534828,2.54833725,4.923432398,6.610492333,9.114181445,13.35343668,96.30429077,317.6534263,393.7707943,
Low & middle income,LMY,Secure Internet servers (per 1 million people),IT.NET.SECR.P6,,,,,,,,,,,,,,,,,,,,,,,,,,,,,,,,,,,,,,,,,,,,,,,,,,,5.589848443,8.205639154,15.02303916,19.02056456,25.70145821,39.86549875,160.6073396,610.6904329,828.6170912,
Lesotho,LSO,Secure Internet servers (per 1 million people),IT.NET.SECR.P6,,,,,,,,,,,,,,,,,,,,,,,,,,,,,,,,,,,,,,,,,,,,,,,,,,,0.501107196,0.998110079,0.992560757,1.971881949,1.957486333,6.799347845,8.674694615,20.08212633,39.37134866,
Late-demographic dividend,LTE,Secure Internet servers (per 1 million people),IT.NET.SECR.P6,,,,,,,,,,,,,,,,,,,,,,,,,,,,,,,,,,,,,,,,,,,,,,,,,,,13.89529773,20.97532821,36.99120665,46.24675472,63.22530664,100.6367863,326.0358807,1133.135831,1792.661862,
Lithuania,LTU,Secure Internet servers (per 1 million people),IT.NET.SECR.P6,,,,,,,,,,,,,,,,,,,,,,,,,,,,,,,,,,,,,,,,,,,,,,,,,,,177.2521843,249.9905056,449.8333709,636.3076037,752.9753268,1185.234654,4377.611148,13058.25231,18345.7231,
Luxembourg,LUX,Secure Internet servers (per 1 million people),IT.NET.SECR.P6,,,,,,,,,,,,,,,,,,,,,,,,,,,,,,,,,,,,,,,,,,,,,,,,,,,1195.377086,1543.367667,2320.386631,3248.306832,4513.597414,5500.312498,11473.9508,43014.34091,43167.33802,
Latvia,LVA,Secure Internet servers (per 1 million people),IT.NET.SECR.P6,,,,,,,,,,,,,,,,,,,,,,,,,,,,,,,,,,,,,,,,,,,,,,,,,,,227.4076246,326.7451858,560.8756542,710.5071083,914.8442508,1312.750724,2938.449236,11948.01076,14508.89729,
"Macao SAR, China",MAC,Secure Internet servers (per 1 million people),IT.NET.SECR.P6,,,,,,,,,,,,,,,,,,,,,,,,,,,,,,,,,,,,,,,,,,,,,,,,,,,209.9517111,263.2381561,381.1793156,415.6765482,503.2124268,752.3854605,1111.227147,1779.676671,2650.260593,
St. Martin (French part),MAF,Secure Internet servers (per 1 million people),IT.NET.SECR.P6,,,,,,,,,,,,,,,,,,,,,,,,,,,,,,,,,,,,,,,,,,,,,,,,,,,0,0,27.02045448,54.86516885,55.53241705,111.5511183,332.7325662,246.1706783,295.1910691,
Morocco,MAR,Secure Internet servers (per 1 million people),IT.NET.SECR.P6,,,,,,,,,,,,,,,,,,,,,,,,,,,,,,,,,,,,,,,,,,,,,,,,,,,1.576829194,2.318356042,3.399324551,5.398079761,7.136099783,9.462374699,24.45461372,284.2785875,295.7328593,
Monaco,MCO,Secure Internet servers (per 1 million people),IT.NET.SECR.P6,,,,,,,,,,,,,,,,,,,,,,,,,,,,,,,,,,,,,,,,,,,,,,,,,,,786.2518252,1415.722851,2249.040044,3875.233734,4153.046461,5514.60841,7171.000788,9715.565743,10650.94876,
Moldova,MDA,Secure Internet servers (per 1 million people),IT.NET.SECR.P6,,,,,,,,,,,,,,,,,,,,,,,,,,,,,,,,,,,,,,,,,,,,,,,,,,,10.66802918,19.38209869,36.52178848,47.21002786,66.64047911,101.5726027,521.4031488,2837.544052,2992.202506,
Madagascar,MDG,Secure Internet servers (per 1 million people),IT.NET.SECR.P6,,,,,,,,,,,,,,,,,,,,,,,,,,,,,,,,,,,,,,,,,,,,,,,,,,,0.283665947,0.413907913,0.671241821,0.696826083,1.144558259,1.609303391,3.052897883,4.927545527,5.445053546,
Maldives,MDV,Secure Internet servers (per 1 million people),IT.NET.SECR.P6,,,,,,,,,,,,,,,,,,,,,,,,,,,,,,,,,,,,,,,,,,,,,,,,,,,24.60804847,28.90970972,75.52166591,79.4046098,94.24962358,116.5052812,212.4021846,421.0297299,523.5642704,
Middle East & North Africa,MEA,Secure Internet servers (per 1 million people),IT.NET.SECR.P6,,,,,,,,,,,,,,,,,,,,,,,,,,,,,,,,,,,,,,,,,,,,,,,,,,,16.4724161,23.58453885,36.2660074,41.10953558,48.51264861,65.48279577,108.6145246,311.3413494,423.1132974,
Mexico,MEX,Secure Internet servers (per 1 million people),IT.NET.SECR.P6,,,,,,,,,,,,,,,,,,,,,,,,,,,,,,,,,,,,,,,,,,,,,,,,,,,13.41888193,17.29540446,26.82603,31.60893493,40.96211006,57.8869263,119.6594181,185.4824199,225.7454799,
Marshall Islands,MHL,Secure Internet servers (per 1 million people),IT.NET.SECR.P6,,,,,,,,,,,,,,,,,,,,,,,,,,,,,,,,,,,,,,,,,,,,,,,,,,,17.7411915,53.06822805,35.26279599,17.56296322,34.97787649,17.40977385,51.96154845,103.3449309,136.9558146,
Middle income,MIC,Secure Internet servers (per 1 million people),IT.NET.SECR.P6,,,,,,,,,,,,,,,,,,,,,,,,,,,,,,,,,,,,,,,,,,,,,,,,,,,6.164020545,9.064974385,16.60497587,21.07157913,28.3776499,44.20357638,179.5397379,683.561935,924.5332409,
North Macedonia,MKD,Secure Internet servers (per 1 million people),IT.NET.SECR.P6,,,,,,,,,,,,,,,,,,,,,,,,,,,,,,,,,,,,,,,,,,,,,,,,,,,19.79967558,22.19555539,45.31697294,65.02680308,97.70066538,114.9409809,466.6597781,498.0797273,464.7237246,
Mali,MLI,Secure Internet servers (per 1 million people),IT.NET.SECR.P6,,,,,,,,,,,,,,,,,,,,,,,,,,,,,,,,,,,,,,,,,,,,,,,,,,,0.465136275,0.451188175,0.876122587,0.972652418,1.47630065,2.236395234,3.172760305,7.670536831,10.53586676,
Malta,MLT,Secure Internet servers (per 1 million people),IT.NET.SECR.P6,,,,,,,,,,,,,,,,,,,,,,,,,,,,,,,,,,,,,,,,,,,,,,,,,,,1654.97409,2039.551443,2597.445885,2601.140464,2867.281237,3527.669738,3234.831648,14102.59424,14447.9143,
Myanmar,MMR,Secure Internet servers (per 1 million people),IT.NET.SECR.P6,,,,,,,,,,,,,,,,,,,,,,,,,,,,,,,,,,,,,,,,,,,,,,,,,,,0.019762526,0.019611452,0.097250348,0.173569423,0.707716696,1.044025096,20.49194776,9.909599538,9.197817213,
Middle East & North Africa (excluding high income),MNA,Secure Internet servers (per 1 million people),IT.NET.SECR.P6,,,,,,,,,,,,,,,,,,,,,,,,,,,,,,,,,,,,,,,,,,,,,,,,,,,1.90217002,2.659269847,4.431832559,5.789936443,7.653004018,10.88534656,31.52779404,127.7424367,192.4539885,
Montenegro,MNE,Secure Internet servers (per 1 million people),IT.NET.SECR.P6,,,,,,,,,,,,,,,,,,,,,,,,,,,,,,,,,,,,,,,,,,,,,,,,,,,20.98710423,27.41586153,48.34023793,57.95169726,69.15295669,94.83106408,139.8032791,223.3387374,416.1678812,
Mongolia,MNG,Secure Internet servers (per 1 million people),IT.NET.SECR.P6,,,,,,,,,,,,,,,,,,,,,,,,,,,,,,,,,,,,,,,,,,,,,,,,,,,9.191527911,12.63372801,28.67562172,40.59973794,59.18149946,75.03904532,437.4486112,1527.083329,1689.794487,
Northern Mariana Islands,MNP,Secure Internet servers (per 1 million people),IT.NET.SECR.P6,,,,,,,,,,,,,,,,,,,,,,,,,,,,,,,,,,,,,,,,,,,,,,,,,,,129.6992829,222.1728505,220.9497155,438.0841121,433.9571467,466.1168878,409.3400726,247.5160001,246.123554,
Mozambique,MOZ,Secure Internet servers (per 1 million people),IT.NET.SECR.P6,,,,,,,,,,,,,,,,,,,,,,,,,,,,,,,,,,,,,,,,,,,,,,,,,,,0.764929707,1.240310744,1.809943977,2.38647378,3.461897425,4.80733638,5.677338458,7.748959676,11.83212807,
Mauritania,MRT,Secure Internet servers (per 1 million people),IT.NET.SECR.P6,,,,,,,,,,,,,,,,,,,,,,,,,,,,,,,,,,,,,,,,,,,,,,,,,,,1.717133703,1.111528552,0.269792373,0.523903901,0.254394927,3.459950211,3.362528083,4.203079737,5.450434093,
Mauritius,MUS,Secure Internet servers (per 1 million people),IT.NET.SECR.P6,,,,,,,,,,,,,,,,,,,,,,,,,,,,,,,,,,,,,,,,,,,,,,,,,,,30.39027511,43.91554163,96.34663129,126.3255242,189.5420379,234.4359479,321.3365066,379.5627595,7844.761294,
Malawi,MWI,Secure Internet servers (per 1 million people),IT.NET.SECR.P6,,,,,,,,,,,,,,,,,,,,,,,,,,,,,,,,,,,,,,,,,,,,,,,,,,,0.206332879,0.334177421,1.299038289,1.452087214,1.903061719,2.269293067,5.230949623,10.41297638,15.37756468,
Malaysia,MYS,Secure Internet servers (per 1 million people),IT.NET.SECR.P6,,,,,,,,,,,,,,,,,,,,,,,,,,,,,,,,,,,,,,,,,,,,,,,,,,,44.91628006,57.58970338,101.4168114,122.2985393,151.1054554,233.8544774,945.6472331,4917.725842,5713.037867,
North America,NAC,Secure Internet servers (per 1 million people),IT.NET.SECR.P6,,,,,,,,,,,,,,,,,,,,,,,,,,,,,,,,,,,,,,,,,,,,,,,,,,,2363.195169,2853.343746,3673.437847,4109.890796,4886.52381,6061.496254,11312.5267,29951.25134,62215.72359,
Namibia,NAM,Secure Internet servers (per 1 million people),IT.NET.SECR.P6,,,,,,,,,,,,,,,,,,,,,,,,,,,,,,,,,,,,,,,,,,,,,,,,,,,6.607282925,11.12810723,29.16004491,33.13170749,42.66680742,63.06957006,78.45495477,119.4537758,149.4942316,
New Caledonia,NCL,Secure Internet servers (per 1 million people),IT.NET.SECR.P6,,,,,,,,,,,,,,,,,,,,,,,,,,,,,,,,,,,,,,,,,,,,,,,,,,,128.1281281,172.9899744,320.4633205,379.2907263,552.1357956,785.6093979,1280.057856,2857.142857,3326.761952,
Niger,NER,Secure Internet servers (per 1 million people),IT.NET.SECR.P6,,,,,,,,,,,,,,,,,,,,,,,,,,,,,,,,,,,,,,,,,,,,,,,,,,,0.182215467,0.11685819,0.22477983,0.270208122,0.259873139,0.299975057,0.240513683,0.462909985,0.490131689,
Nigeria,NGA,Secure Internet servers (per 1 million people),IT.NET.SECR.P6,,,,,,,,,,,,,,,,,,,,,,,,,,,,,,,,,,,,,,,,,,,,,,,,,,,0.643520143,0.952058797,1.734151398,2.223958838,2.993114103,3.549790544,47.39721608,222.8127116,184.2095617,
Nicaragua,NIC,Secure Internet servers (per 1 million people),IT.NET.SECR.P6,,,,,,,,,,,,,,,,,,,,,,,,,,,,,,,,,,,,,,,,,,,,,,,,,,,4.635937271,5.59034084,10.69782229,12.7011273,16.44219275,21.85356824,34.5813609,122.3207105,69.29071212,
Netherlands,NLD,Secure Internet servers (per 1 million people),IT.NET.SECR.P6,,,,,,,,,,,,,,,,,,,,,,,,,,,,,,,,,,,,,,,,,,,,,,,,,,,2084.813637,3200.848448,4852.83106,5668.32607,7204.740134,9728.851778,24130.79407,70412.12761,100585.067,
Norway,NOR,Secure Internet servers (per 1 million people),IT.NET.SECR.P6,,,,,,,,,,,,,,,,,,,,,,,,,,,,,,,,,,,,,,,,,,,,,,,,,,,1557.293426,2333.89756,3000.055992,3211.261938,3571.378517,4093.96973,7003.508823,14572.57273,20876.73794,
Nepal,NPL,Secure Internet servers (per 1 million people),IT.NET.SECR.P6,,,,,,,,,,,,,,,,,,,,,,,,,,,,,,,,,,,,,,,,,,,,,,,,,,,0.888454139,1.294309914,2.334209786,2.93484939,3.679350068,5.441415188,18.63459003,158.2502761,182.498702,
Nauru,NRU,Secure Internet servers (per 1 million people),IT.NET.SECR.P6,,,,,,,,,,,,,,,,,,,,,,,,,,,,,,,,,,,,,,,,,,,,,,,,,,,0,99.43323059,0,0,,,76.63422484,77.66387077,78.71536524,
New Zealand,NZL,Secure Internet servers (per 1 million people),IT.NET.SECR.P6,,,,,,,,,,,,,,,,,,,,,,,,,,,,,,,,,,,,,,,,,,,,,,,,,,,1388.742042,2033.074818,2862.457748,3193.984827,3490.919573,3932.806754,6430.154266,14980.49605,17672.50026,
OECD members,OED,Secure Internet servers (per 1 million people),IT.NET.SECR.P6,,,,,,,,,,,,,,,,,,,,,,,,,,,,,,,,,,,,,,,,,,,,,,,,,,,1009.95357,1290.556991,1746.171523,1990.542415,2411.809353,3053.00421,6460.779616,17149.78338,31352.43152,
Oman,OMN,Secure Internet servers (per 1 million people),IT.NET.SECR.P6,,,,,,,,,,,,,,,,,,,,,,,,,,,,,,,,,,,,,,,,,,,,,,,,,,,20.38512097,24.91458297,60.60555816,74.6386599,99.57142077,116.4657769,127.9240868,141.8793875,156.7455564,
Other small states,OSS,Secure Internet servers (per 1 million people),IT.NET.SECR.P6,,,,,,,,,,,,,,,,,,,,,,,,,,,,,,,,,,,,,,,,,,,,,,,,,,,115.2951914,156.1093966,274.7212003,288.3004113,387.3163588,468.9647806,1317.610244,3478.745423,4682.988768,
Pakistan,PAK,Secure Internet servers (per 1 million people),IT.NET.SECR.P6,,,,,,,,,,,,,,,,,,,,,,,,,,,,,,,,,,,,,,,,,,,,,,,,,,,0.590777272,0.796332107,1.281493538,1.714916837,2.452551261,3.409769604,31.66569761,115.0715794,109.1393008,
Panama,PAN,Secure Internet servers (per 1 million people),IT.NET.SECR.P6,,,,,,,,,,,,,,,,,,,,,,,,,,,,,,,,,,,,,,,,,,,,,,,,,,,133.9670414,166.4650829,232.5874975,258.1192182,328.863473,306.6659913,510.2700518,2151.325214,2141.55422,
Peru,PER,Secure Internet servers (per 1 million people),IT.NET.SECR.P6,,,,,,,,,,,,,,,,,,,,,,,,,,,,,,,,,,,,,,,,,,,,,,,,,,,10.36941506,14.79617601,24.77396049,29.28731043,37.55355661,46.33954666,72.52789495,218.5769966,257.3364007,
Philippines,PHL,Secure Internet servers (per 1 million people),IT.NET.SECR.P6,,,,,,,,,,,,,,,,,,,,,,,,,,,,,,,,,,,,,,,,,,,,,,,,,,,5.044335881,7.05241884,11.7885907,12.47072565,16.10734708,20.94733833,40.5348333,87.84551937,92.85346025,
Palau,PLW,Secure Internet servers (per 1 million people),IT.NET.SECR.P6,,,,,,,,,,,,,,,,,,,,,,,,,,,,,,,,,,,,,,,,,,,,,,,,,,,0,0,56.6893424,170.3964558,113.4687394,169.8273422,169.2524683,224.6181491,837.6612498,
Papua New Guinea,PNG,Secure Internet servers (per 1 million people),IT.NET.SECR.P6,,,,,,,,,,,,,,,,,,,,,,,,,,,,,,,,,,,,,,,,,,,,,,,,,,,1.504683601,2.408929097,6.159086317,7.703785345,11.07373585,13.44388565,14.8698705,31.04990514,49.84711228,
Poland,POL,Secure Internet servers (per 1 million people),IT.NET.SECR.P6,,,,,,,,,,,,,,,,,,,,,,,,,,,,,,,,,,,,,,,,,,,,,,,,,,,155.0096452,227.3846522,399.2836749,517.7418118,681.131761,955.8417889,2492.488363,6534.934485,16225.44917,
Pre-demographic dividend,PRE,Secure Internet servers (per 1 million people),IT.NET.SECR.P6,,,,,,,,,,,,,,,,,,,,,,,,,,,,,,,,,,,,,,,,,,,,,,,,,,,0.502456568,0.703638994,1.390397562,1.793262167,2.500087028,3.292946163,14.09093391,57.85436516,61.18623971,
Puerto Rico,PRI,Secure Internet servers (per 1 million people),IT.NET.SECR.P6,,,,,,,,,,,,,,,,,,,,,,,,,,,,,,,,,,,,,,,,,,,,,,,,,,,95.1222953,134.8290661,167.5614282,185.0781378,206.5137258,318.4414451,419.78632,283.0074337,384.6451172,
"Korea, Dem. People’s Rep.",PRK,Secure Internet servers (per 1 million people),IT.NET.SECR.P6,,,,,,,,,,,,,,,,,,,,,,,,,,,,,,,,,,,,,,,,,,,,,,,,,,,0,0,0,0,,,0,0.039323657,,
Portugal,PRT,Secure Internet servers (per 1 million people),IT.NET.SECR.P6,,,,,,,,,,,,,,,,,,,,,,,,,,,,,,,,,,,,,,,,,,,,,,,,,,,162.3932432,213.685738,358.2554339,422.6714461,535.522238,901.3256902,3180.296611,12464.78258,15980.52941,
Paraguay,PRY,Secure Internet servers (per 1 million people),IT.NET.SECR.P6,,,,,,,,,,,,,,,,,,,,,,,,,,,,,,,,,,,,,,,,,,,,,,,,,,,6.081926754,8.525450681,14.94975015,23.6549111,33.18420141,40.51581567,61.67127382,186.8339036,248.4160958,
West Bank and Gaza,PSE,Secure Internet servers (per 1 million people),IT.NET.SECR.P6,,,,,,,,,,,,,,,,,,,,,,,,,,,,,,,,,,,,,,,,,,,,,,,,,,,3.697676882,5.150675279,11.55779475,14.71775756,21.08593525,32.55199185,108.0811745,547.7231888,469.0214916,
Pacific island small states,PSS,Secure Internet servers (per 1 million people),IT.NET.SECR.P6,,,,,,,,,,,,,,,,,,,,,,,,,,,,,,,,,,,,,,,,,,,,,,,,,,,15.42657427,26.89178075,45.61621528,52.5108041,60.37411974,78.0413173,100.1227555,137.7184206,168.0660642,
Post-demographic dividend,PST,Secure Internet servers (per 1 million people),IT.NET.SECR.P6,,,,,,,,,,,,,,,,,,,,,,,,,,,,,,,,,,,,,,,,,,,,,,,,,,,1151.916602,1473.362491,1991.729811,2298.602763,2763.197037,3506.501631,7469.549207,19976.41149,36390.5858,
French Polynesia,PYF,Secure Internet servers (per 1 million people),IT.NET.SECR.P6,,,,,,,,,,,,,,,,,,,,,,,,,,,,,,,,,,,,,,,,,,,,,,,,,,,63.80064176,78.44660774,130.1124915,155.3668136,180.342651,212.3577569,262.2234362,597.6030684,741.8638068,
Qatar,QAT,Secure Internet servers (per 1 million people),IT.NET.SECR.P6,,,,,,,,,,,,,,,,,,,,,,,,,,,,,,,,,,,,,,,,,,,,,,,,,,,61.95029216,94.79971963,173.0360634,207.9968364,280.9859149,359.7444762,362.7974053,401.1415468,396.5233922,
Romania,ROU,Secure Internet servers (per 1 million people),IT.NET.SECR.P6,,,,,,,,,,,,,,,,,,,,,,,,,,,,,,,,,,,,,,,,,,,,,,,,,,,39.01837474,60.90077155,131.3688006,175.8934147,246.722848,361.232715,3421.473154,12255.16836,15938.12365,
Russian Federation,RUS,Secure Internet servers (per 1 million people),IT.NET.SECR.P6,,,,,,,,,,,,,,,,,,,,,,,,,,,,,,,,,,,,,,,,,,,,,,,,,,,17.09492068,28.86104469,57.57614178,79.73135175,120.3590613,321.4018459,1163.947701,3541.09719,5190.61546,
Rwanda,RWA,Secure Internet servers (per 1 million people),IT.NET.SECR.P6,,,,,,,,,,,,,,,,,,,,,,,,,,,,,,,,,,,,,,,,,,,,,,,,,,,0.896473453,0.777202249,2.55931982,4.069724368,5.684055817,7.388466481,12.76907395,18.27903777,36.49831136,
South Asia,SAS,Secure Internet servers (per 1 million people),IT.NET.SECR.P6,,,,,,,,,,,,,,,,,,,,,,,,,,,,,,,,,,,,,,,,,,,,,,,,,,,1.413845491,1.944588073,3.790949298,5.133745743,7.040235924,9.736957705,35.83569085,118.2026947,172.1444762,
Saudi Arabia,SAU,Secure Internet servers (per 1 million people),IT.NET.SECR.P6,,,,,,,,,,,,,,,,,,,,,,,,,,,,,,,,,,,,,,,,,,,,,,,,,,,13.09193555,20.41200049,40.33587574,51.77602755,70.80248487,89.41389037,106.0951641,166.8018816,161.5729544,
Sudan,SDN,Secure Internet servers (per 1 million people),IT.NET.SECR.P6,0,0,0,0,0,0,0,0,0,0,0,0,0,0,0,0,0,0,0,0,0,0,0,0,0,0,0,0,0,0,0,0,0,0,0,0,0,0,0,0,0,0,0,0,0,0,0,0,0,0,0.173267584,0.253013416,0.328589035,0.28017424,0.55908124,0.720767617,1.262871576,1.873547408,4.468006297,
Senegal,SEN,Secure Internet servers (per 1 million people),IT.NET.SECR.P6,,,,,,,,,,,,,,,,,,,,,,,,,,,,,,,,,,,,,,,,,,,,,,,,,,,1.025386358,0.997406054,2.089241815,2.176685952,3.033567268,6.31068071,7.069717014,8.820068717,17.15616398,
Singapore,SGP,Secure Internet servers (per 1 million people),IT.NET.SECR.P6,,,,,,,,,,,,,,,,,,,,,,,,,,,,,,,,,,,,,,,,,,,,,,,,,,,531.6412212,927.9107848,1898.940166,2549.469714,2544.004048,3585.18389,19060.74653,58690.33345,84713.85836,
Solomon Islands,SLB,Secure Internet servers (per 1 million people),IT.NET.SECR.P6,,,,,,,,,,,,,,,,,,,,,,,,,,,,,,,,,,,,,,,,,,,,,,,,,,,1.894438119,7.386601812,12.58847902,15.75257948,13.62678617,21.55465431,37.13049107,61.31709112,42.88834632,
Sierra Leone,SLE,Secure Internet servers (per 1 million people),IT.NET.SECR.P6,,,,,,,,,,,,,,,,,,,,,,,,,,,,,,,,,,,,,,,,,,,,,,,,,,,0.467607722,0.609455086,1.340765944,1.019816491,0.712540601,0.976029551,1.500920064,1.869550511,,
El Salvador,SLV,Secure Internet servers (per 1 million people),IT.NET.SECR.P6,,,,,,,,,,,,,,,,,,,,,,,,,,,,,,,,,,,,,,,,,,,,,,,,,,,13.58371571,15.94057098,22.283058,27.92819104,34.31224909,45.21650485,52.07560623,61.52042807,90.6437011,
San Marino,SMR,Secure Internet servers (per 1 million people),IT.NET.SECR.P6,,,,,,,,,,,,,,,,,,,,,,,,,,,,,,,,,,,,,,,,,,,,,,,,,,,960.6455538,1168.630176,1557.389815,2119.620311,2852.980454,3366.193797,4656.160458,18858.95875,59257.06675,
Somalia,SOM,Secure Internet servers (per 1 million people),IT.NET.SECR.P6,,,,,,,,,,,,,,,,,,,,,,,,,,,,,,,,,,,,,,,,,,,,,,,,,,,0,0,0.235932338,0.153095913,0.29798319,0.50734928,0.775433533,25.9097208,4.330979013,
Serbia,SRB,Secure Internet servers (per 1 million people),IT.NET.SECR.P6,,,,,,,,,,,,,,,,,,,,,,,,,,,,,,,,,,,,,,,,,,,,,,,,,,,7.405948568,25.98803251,53.06235786,67.55877753,93.12010699,141.0776557,551.6891975,5802.567151,6900.23208,
Sub-Saharan Africa (excluding high income),SSA,Secure Internet servers (per 1 million people),IT.NET.SECR.P6,,,,,,,,,,,,,,,,,,,,,,,,,,,,,,,,,,,,,,,,,,,,,,,,,,,3.670674761,5.674017357,9.947926498,12.03546153,15.52376969,18.92073648,65.76802286,563.7865358,711.4949664,
South Sudan,SSD,Secure Internet servers (per 1 million people),IT.NET.SECR.P6,,,,,,,,,,,,,,,,,,,,,,,,,,,,,,,,,,,,,,,,,,,,,,,,,,,,,,,,0,0.092314691,0.183305304,1.366628037,
Sub-Saharan Africa,SSF,Secure Internet servers (per 1 million people),IT.NET.SECR.P6,,,,,,,,,,,,,,,,,,,,,,,,,,,,,,,,,,,,,,,,,,,,,,,,,,,3.677317726,5.689411038,9.969135641,12.06866902,15.55997742,19.01338971,68.62738461,577.8987228,735.3132102,
Small states,SST,Secure Internet servers (per 1 million people),IT.NET.SECR.P6,,,,,,,,,,,,,,,,,,,,,,,,,,,,,,,,,,,,,,,,,,,,,,,,,,,99.62754489,135.3581728,234.7153636,250.7388993,332.0018025,407.6027073,1065.67226,2778.266394,3745.774433,
Sao Tome and Principe,STP,Secure Internet servers (per 1 million people),IT.NET.SECR.P6,,,,,,,,,,,,,,,,,,,,,,,,,,,,,,,,,,,,,,,,,,,,,,,,,,,0,5.419349245,5.307742935,10.41194875,10.21831428,15.04272133,14.76181807,38.63073365,56.86449192,
Suriname,SUR,Secure Internet servers (per 1 million people),IT.NET.SECR.P6,,,,,,,,,,,,,,,,,,,,,,,,,,,,,,,,,,,,,,,,,,,,,,,,,,,11.33934697,18.68533706,27.71388188,34.71644884,66.87476165,107.3070753,139.8507315,201.5789769,291.671224,
Slovak Republic,SVK,Secure Internet servers (per 1 million people),IT.NET.SECR.P6,,,,,,,,,,,,,,,,,,,,,,,,,,,,,,,,,,,,,,,,,,,,,,,,,,,136.8839573,198.948426,357.6461851,493.7753457,657.7285224,1068.438905,3240.776033,6963.666929,12992.81386,
Slovenia,SVN,Secure Internet servers (per 1 million people),IT.NET.SECR.P6,,,,,,,,,,,,,,,,,,,,,,,,,,,,,,,,,,,,,,,,,,,,,,,,,,,333.8893274,499.3075457,967.3535201,1215.561714,1558.21104,2188.966388,5630.87821,19594.09366,33122.24409,
Sweden,SWE,Secure Internet servers (per 1 million people),IT.NET.SECR.P6,,,,,,,,,,,,,,,,,,,,,,,,,,,,,,,,,,,,,,,,,,,,,,,,,,,1201.199472,1711.676941,2392.489254,2690.518781,3148.788535,4207.900534,6205.932933,13619.1204,18593.90612,
Eswatini,SWZ,Secure Internet servers (per 1 million people),IT.NET.SECR.P6,,,,,,,,,,,,,,,,,,,,,,,,,,,,,,,,,,,,,,,,,,,,,,,,,,,4.695554343,6.529655831,8.338830785,10.12109429,19.1777144,26.26706907,26.03268988,40.89786824,53.6881563,
Sint Maarten (Dutch part),SXM,Secure Internet servers (per 1 million people),IT.NET.SECR.P6,,,,,,,,,,,,,,,,,,,,,,,,,,,,,,,,,,,,,,,,,,,,,,,,,,,0,0,0,327.8061573,530.7151386,618.1584031,700.5429208,739.389757,787.1304177,
Seychelles,SYC,Secure Internet servers (per 1 million people),IT.NET.SECR.P6,,,,,,,,,,,,,,,,,,,,,,,,,,,,,,,,,,,,,,,,,,,,,,,,,,,66.83747354,160.1079585,226.4928711,355.7571513,394.0498473,1006.219292,30947.32617,155191.3024,264256.6297,
Syrian Arab Republic,SYR,Secure Internet servers (per 1 million people),IT.NET.SECR.P6,,,,,,,,,,,,,,,,,,,,,,,,,,,,,,,,,,,,,,,,,,,,,,,,,,,0.280865622,0.332021595,1.36969274,1.327595805,1.282347756,2.444796495,6.302304472,13.29974065,19.10532315,
Turks and Caicos Islands,TCA,Secure Internet servers (per 1 million people),IT.NET.SECR.P6,,,,,,,,,,,,,,,,,,,,,,,,,,,,,,,,,,,,,,,,,,,,,,,,,,,91.85548071,239.6860113,293.5478189,806.1961936,876.4737482,833.7733804,902.6505101,754.4119628,743.3957255,
Chad,TCD,Secure Internet servers (per 1 million people),IT.NET.SECR.P6,,,,,,,,,,,,,,,,,,,,,,,,,,,,,,,,,,,,,,,,,,,,,,,,,,,0.083667053,0.161799351,0.07821819,0.151281078,0.146374748,0.354334126,0.343367304,0.599329829,0.452262089,
East Asia & Pacific (IDA & IBRD countries),TEA,Secure Internet servers (per 1 million people),IT.NET.SECR.P6,,,,,,,,,,,,,,,,,,,,,,,,,,,,,,,,,,,,,,,,,,,,,,,,,,,2.463213007,3.599915573,6.963004785,9.136806444,14.21522842,24.5136886,107.8761858,472.688653,680.4524137,
Europe & Central Asia (IDA & IBRD countries),TEC,Secure Internet servers (per 1 million people),IT.NET.SECR.P6,,,,,,,,,,,,,,,,,,,,,,,,,,,,,,,,,,,,,,,,,,,,,,,,,,,39.41998483,58.66398827,111.6605707,142.4717147,188.7938389,305.0378381,1274.054312,4077.200016,6111.71473,
Togo,TGO,Secure Internet servers (per 1 million people),IT.NET.SECR.P6,,,,,,,,,,,,,,,,,,,,,,,,,,,,,,,,,,,,,,,,,,,,,,,,,,,0.155722514,0.303216689,0.442882415,0.862723321,2.521715826,3.00416842,3.462072727,4.54635496,7.732193329,
Thailand,THA,Secure Internet servers (per 1 million people),IT.NET.SECR.P6,,,,,,,,,,,,,,,,,,,,,,,,,,,,,,,,,,,,,,,,,,,,,,,,,,,11.20618627,15.13661865,30.88332638,38.87327607,51.94427191,69.38854589,146.4811517,578.2846715,953.8586763,
Tajikistan,TJK,Secure Internet servers (per 1 million people),IT.NET.SECR.P6,,,,,,,,,,,,,,,,,,,,,,,,,,,,,,,,,,,,,,,,,,,,,,,,,,,0.265696202,0.779472843,1.142881089,1.861095523,1.696387168,5.086332811,5.886712639,20.0444401,27.36012083,
Turkmenistan,TKM,Secure Internet servers (per 1 million people),IT.NET.SECR.P6,,,,,,,,,,,,,,,,,,,,,,,,,,,,,,,,,,,,,,,,,,,,,,,,,,,0.196571286,0.193270888,0.569486892,0.372691062,0.73175265,2.15622303,1.94264877,4.515716343,5.981977498,
Latin America & the Caribbean (IDA & IBRD countries),TLA,Secure Internet servers (per 1 million people),IT.NET.SECR.P6,,,,,,,,,,,,,,,,,,,,,,,,,,,,,,,,,,,,,,,,,,,,,,,,,,,20.70636155,29.73883697,47.97348601,59.09810206,75.36184317,103.1028583,307.7855439,1015.624499,1242.075797,
Timor-Leste,TLS,Secure Internet servers (per 1 million people),IT.NET.SECR.P6,,,,,,,,,,,,,,,,,,,,,,,,,,,,,,,,,,,,,,,,,,,,,,,,,,,1.828951014,1.796701436,0.882617207,2.601242527,5.960840683,9.1950026,11.48211087,12.06504507,29.18045509,
Middle East & North Africa (IDA & IBRD countries),TMN,Secure Internet servers (per 1 million people),IT.NET.SECR.P6,,,,,,,,,,,,,,,,,,,,,,,,,,,,,,,,,,,,,,,,,,,,,,,,,,,1.881506645,2.630386081,4.348667402,5.685115698,7.494399528,10.62814009,30.61413789,122.7142915,189.1138651,
Tonga,TON,Secure Internet servers (per 1 million people),IT.NET.SECR.P6,,,,,,,,,,,,,,,,,,,,,,,,,,,,,,,,,,,,,,,,,,,,,,,,,,,9.616679168,9.656051447,29.20077479,29.47881456,39.59298412,109.1475576,138.4315703,205.8863899,174.4236751,
South Asia (IDA & IBRD),TSA,Secure Internet servers (per 1 million people),IT.NET.SECR.P6,,,,,,,,,,,,,,,,,,,,,,,,,,,,,,,,,,,,,,,,,,,,,,,,,,,1.413845491,1.944588073,3.790949298,5.133745743,7.040235924,9.736957705,35.83569085,118.2026947,172.1444762,
Sub-Saharan Africa (IDA & IBRD countries),TSS,Secure Internet servers (per 1 million people),IT.NET.SECR.P6,,,,,,,,,,,,,,,,,,,,,,,,,,,,,,,,,,,,,,,,,,,,,,,,,,,3.677317726,5.689411038,9.969135641,12.06866902,15.55997742,19.01338971,68.62738461,577.8987228,735.3132102,
Trinidad and Tobago,TTO,Secure Internet servers (per 1 million people),IT.NET.SECR.P6,,,,,,,,,,,,,,,,,,,,,,,,,,,,,,,,,,,,,,,,,,,,,,,,,,,44.42279356,61.36906909,105.5905748,133.7076162,173.2310976,269.2785961,299.0786635,290.4473178,281.3237036,
Tunisia,TUN,Secure Internet servers (per 1 million people),IT.NET.SECR.P6,,,,,,,,,,,,,,,,,,,,,,,,,,,,,,,,,,,,,,,,,,,,,,,,,,,6.205781456,7.633673063,10.78639056,15.5209313,20.33769431,19.14141111,92.44559378,214.2836589,316.2071331,
Turkey,TUR,Secure Internet servers (per 1 million people),IT.NET.SECR.P6,,,,,,,,,,,,,,,,,,,,,,,,,,,,,,,,,,,,,,,,,,,,,,,,,,,86.34397993,118.3080471,224.1436568,264.0113146,298.6718948,363.5325971,1301.086907,3351.870016,4335.133582,
Tuvalu,TUV,Secure Internet servers (per 1 million people),IT.NET.SECR.P6,,,,,,,,,,,,,,,,,,,,,,,,,,,,,,,,,,,,,,,,,,,,,,,,,,,,,,,,,,,86.8960723,
Tanzania,TZA,Secure Internet servers (per 1 million people),IT.NET.SECR.P6,,,,,,,,,,,,,,,,,,,,,,,,,,,,,,,,,,,,,,,,,,,,,,,,,,,0.496092986,0.591154516,0.977631764,1.65008789,2.321865758,3.282660388,5.654958201,22.70236598,27.29128347,
Uganda,UGA,Secure Internet servers (per 1 million people),IT.NET.SECR.P6,,,,,,,,,,,,,,,,,,,,,,,,,,,,,,,,,,,,,,,,,,,,,,,,,,,0.277536501,0.657169198,1.678281144,1.848985716,2.194399524,2.982306057,3.934673722,20.40694113,20.22323313,
Ukraine,UKR,Secure Internet servers (per 1 million people),IT.NET.SECR.P6,,,,,,,,,,,,,,,,,,,,,,,,,,,,,,,,,,,,,,,,,,,,,,,,,,,12.36083164,20.96000315,40.92706604,54.03432873,74.70409877,141.8035144,1905.46998,3948.260511,6027.808921,
Upper middle income,UMC,Secure Internet servers (per 1 million people),IT.NET.SECR.P6,,,,,,,,,,,,,,,,,,,,,,,,,,,,,,,,,,,,,,,,,,,,,,,,,,,10.87593526,16.13577445,29.37562571,37.06536382,49.73580795,78.64419247,273.0795934,1097.442733,1529.119244,
Uruguay,URY,Secure Internet servers (per 1 million people),IT.NET.SECR.P6,,,,,,,,,,,,,,,,,,,,,,,,,,,,,,,,,,,,,,,,,,,,,,,,,,,35.72199358,58.47547028,84.34512962,113.8831529,157.9210183,186.1073637,309.8595498,1103.692379,1574.812737,
United States,USA,Secure Internet servers (per 1 million people),IT.NET.SECR.P6,,,,,,,,,,,,,,,,,,,,,,,,,,,,,,,,,,,,,,,,,,,,,,,,,,,2481.7241,2986.298778,3841.73956,4303.156936,5129.543512,6358.801531,11435.11206,30335.70148,65767.56047,
Uzbekistan,UZB,Secure Internet servers (per 1 million people),IT.NET.SECR.P6,,,,,,,,,,,,,,,,,,,,,,,,,,,,,,,,,,,,,,,,,,,,,,,,,,,0.070022127,0.272670879,0.906816235,1.355676648,2.373389428,5.65515082,69.73772211,202.1698993,278.9527665,
St. Vincent and the Grenadines,VCT,Secure Internet servers (per 1 million people),IT.NET.SECR.P6,,,,,,,,,,,,,,,,,,,,,,,,,,,,,,,,,,,,,,,,,,,,,,,,,,,18.47489723,55.39347834,92.22114631,64.44366703,91.86026217,119.1043354,191.8526572,163.8941244,90.73586789,
"Venezuela, RB",VEN,Secure Internet servers (per 1 million people),IT.NET.SECR.P6,,,,,,,,,,,,,,,,,,,,,,,,,,,,,,,,,,,,,,,,,,,,,,,,,,,7.067525459,6.542425431,12.09027217,14.87397196,16.40864707,21.44151541,148.1261638,293.4971065,275.5783257,
British Virgin Islands,VGB,Secure Internet servers (per 1 million people),IT.NET.SECR.P6,,,,,,,,,,,,,,,,,,,,,,,,,,,,,,,,,,,,,,,,,,,,,,,,,,,611.6428006,776.8635898,2652.705061,9013.06895,15247.16272,38110.59276,21597.68353,355546.5395,330716.0593,
Virgin Islands (U.S.),VIR,Secure Internet servers (per 1 million people),IT.NET.SECR.P6,,,,,,,,,,,,,,,,,,,,,,,,,,,,,,,,,,,,,,,,,,,,,,,,,,,276.860038,480.1832084,628.5180838,675.6506608,621.0374106,529.1987745,837.1314296,1053.436253,859.9979435,
Vietnam,VNM,Secure Internet servers (per 1 million people),IT.NET.SECR.P6,,,,,,,,,,,,,,,,,,,,,,,,,,,,,,,,,,,,,,,,,,,,,,,,,,,2.29629867,3.679467271,9.042065839,14.17025676,20.323919,32.72653962,278.7094792,1348.715951,1769.471437,
Vanuatu,VUT,Secure Internet servers (per 1 million people),IT.NET.SECR.P6,,,,,,,,,,,,,,,,,,,,,,,,,,,,,,,,,,,,,,,,,,,,,,,,,,,42.33503097,61.81666825,96.19277031,136.3804625,113.6845935,125.4010991,165.2714404,178.6277188,198.1686484,
World,WLD,Secure Internet servers (per 1 million people),IT.NET.SECR.P6,,,,,,,,,,,,,,,,,,,,,,,,,,,,,,,,,,,,,,,,,,,,,,,,,,,187.2531075,238.8776833,325.0858981,370.7704868,450.3750319,573.2667671,1267.145793,3518.099455,6169.990341,
Samoa,WSM,Secure Internet servers (per 1 million people),IT.NET.SECR.P6,,,,,,,,,,,,,,,,,,,,,,,,,,,,,,,,,,,,,,,,,,,,,,,,,,,26.88909325,37.3395068,63.46251481,73.40719495,78.03517826,129.190287,149.0734315,296.899955,535.3592005,
Kosovo,XKX,Secure Internet servers (per 1 million people),IT.NET.SECR.P6,,,,,,,,,,,,,,,,,,,,,,,,,,,,,,,,,,,,,,,,,,,,,,,,,,,,,,,,,,,,
"Yemen, Rep.",YEM,Secure Internet servers (per 1 million people),IT.NET.SECR.P6,,,,,,,,,,,,,,,,,,,,,,,,,,,,,,,,,,,,,,,,,,,,,,,,,,,0.215937435,0.294023905,0.531193783,0.954384061,1.394079846,1.396337648,1.435501272,3.377065008,3.754558938,
South Africa,ZAF,Secure Internet servers (per 1 million people),IT.NET.SECR.P6,,,,,,,,,,,,,,,,,,,,,,,,,,,,,,,,,,,,,,,,,,,,,,,,,,,52.07259064,82.32031845,142.6921923,173.1818274,221.8678179,272.7566515,917.6449631,9430.697312,12034.27741,
Zambia,ZMB,Secure Internet servers (per 1 million people),IT.NET.SECR.P6,,,,,,,,,,,,,,,,,,,,,,,,,,,,,,,,,,,,,,,,,,,,,,,,,,,0.367485365,0.927035662,1.935690687,3.014771577,4.090974706,5.667734363,8.861181164,42.3646148,41.20604741,
Zimbabwe,ZWE,Secure Internet servers (per 1 million people),IT.NET.SECR.P6,,,,,,,,,,,,,,,,,,,,,,,,,,,,,,,,,,,,,,,,,,,,,,,,,,,0.472525665,0.930642618,3.58364701,4.793879654,7.948961192,11.72669928,13.82712811,30.55473706,46.60981793,